code,name,description,group,time_limit,memory_limit,points,types,authors,curators,testers,allowed_languages,is_public,partial,short_circuit,is_manually_managed,license,og_image,summary,banned_users,organizations,is_organization_private,enable_waveform,enable_ppa,ppa_maximum_fmax,f4pga_board,f4pga_target_fmax,openlane_pdk,openlane_ppa_score,openlane_critical_path_ns,openlane_core_area_um2,openlane_power_total,solution_content,solution_is_public,solution_authors,translation_en_name,translation_en_description,translation_zh_hant_name,translation_zh_hant_description,clarifications,language_limits,is_full_markup
sample001,簡單加法器,"### **Verilog 設計問題：設計一個1對8解多工器模組**

**1. 題目說明**

本題要求設計一個名為 `TopModule` 的 Verilog 模組，該模組需要實現**1對8解多工器 (1-to-8 Demultiplexer)** 功能。解多工器是數位電路中的重要元件，能將單一輸入訊號根據選擇訊號分配到多個輸出線路中的其中一條。

**2. 模組介面 (Module Interface)**

| 埠 (Port) | 方向 (Direction) | 位元寬度 (Width) | 描述 (Description) |
|---|---|---|---|
| `data_in` | 輸入 (input) | 1 | 輸入資料訊號 |
| `sel` | 輸入 (input) | 3 | 3位元選擇訊號 (選擇輸出線路) |
| `out` | 輸出 (output) | 8 | 8條輸出線路 |

**3. 功能規格**

解多工器的工作原理：
- 當 `sel = 3'b000` (十進位0) 時，`data_in` 輸出到 `out[0]`，其餘輸出為 `1'b0`
- 當 `sel = 3'b001` (十進位1) 時，`data_in` 輸出到 `out[1]`，其餘輸出為 `1'b0`  
- 當 `sel = 3'b010` (十進位2) 時，`data_in` 輸出到 `out[2]`，其餘輸出為 `1'b0`
- ⋮ (依此類推)
- 當 `sel = 3'b111` (十進位7) 時，`data_in` 輸出到 `out[7]`，其餘輸出為 `1'b0`

**4. 設計要求與提示**

- **模組名稱:** 您的設計模組名稱必須為 `TopModule`
- **實現方式:** 可使用以下任一種方法：
  - **條件運算子 (`? :`)**: 適用於組合邏輯設計
  - **Always 區塊**: 使用 `always @(*)` 搭配 `case` 或 `if-else` 敘述
  - **連續賦值 (`assign`)**: 使用邏輯運算子組合
- **數值表示:** 熟悉 Verilog 數值表示法，如 `3'b000`, `3'd0`, `3'h0` 等
- **驗證方式:** 您的設計將會被測試平台進行功能驗證

**5. 程式設計模板 (Code Template)**
```
module TopModule (
input data_in,
input [2:0] sel,
output [7:0] out
);

// 方法一：使用條件運算子
// assign out = (sel == 3'b000) ? data_in : 1'b0;
// assign out = (sel == 3'b001) ? data_in : 1'b0;
// ... (繼續完成其餘輸出)

// 方法二：使用 always 區塊
// reg [7:0] out_reg;
// always @(*) begin
// case (sel)
// 3'b000: out_reg = {7'b0000000, data_in};
// 3'b001: out_reg = {6'b000000, data_in, 1'b0};
// // ... (繼續完成其餘情況)
// default: out_reg = 8'b00000000;
// endcase
// end
// assign out = out_reg;

// 在此處選擇一種方法實現您的設計

endmodule
```

**6. 測試案例範例**

| 測試案例 | data_in | sel | 預期輸出 out[7:0] | 說明 |
|---|---|---|---|---|
| 1 | 1'b1 | 3'b000 | 8'b00000001 | 輸出到第0條線路 |
| 2 | 1'b1 | 3'b011 | 8'b00001000 | 輸出到第3條線路 |
| 3 | 1'b1 | 3'b111 | 8'b10000000 | 輸出到第7條線路 |
| 4 | 1'b0 | 3'b010 | 8'b00000000 | data_in為0時所有輸出為0 |

**7. 關鍵概念複習**

本題涉及以下重要 Verilog 概念：

- **資料型別**: `wire` 和 `reg` 的使用時機和差異
- **數值表示法**: 二進位 (`3'b000`)、十進位 (`3'd0`)、十六進位 (`3'h0`) 表示法
- **條件運算子**: `condition ? true_value : false_value` 語法
- **運算子**: 比較運算子 (`==`) 和邏輯運算子的應用
- **組合邏輯設計**: 使用 `assign` 敘述或 `always @(*)` 區塊

**8. 評分標準**

- **功能正確性 (80%)**: 所有測試案例通過，正確實現解多工器功能
- **程式碼品質 (15%)**: 程式碼結構清晰，使用適當的 Verilog 語法
- **設計效率 (5%)**: 選用適合的實現方法，避免不必要的複雜度

**9. 注意事項**

- 請確保未選中的輸出線路輸出為邏輯低電位 (`1'b0`)
- 注意 3 位元選擇訊號可表示 0-7 共 8 種不同狀態
- 建議先在紙上畫出真值表，再進行程式設計
- 測試時可使用不同的 `data_in` 和 `sel` 組合驗證功能

**10. 延伸思考**

完成基本功能後，可思考以下進階問題：
- 如何設計 1 對 16 的解多工器？
- 解多工器與多工器 (Multiplexer) 的關係為何？
- 在實際數位系統中，解多工器常用於哪些應用場景？",Demo,2,262144,5,verilog,admin,,,VLOG,TRUE,FALSE,FALSE,FALSE,,,基本加法器題目,,,FALSE,TRUE,TRUE,350,basys3,300,sky130A,4.5,2.5,50000,0.000001,module solution(); endmodule,TRUE,admin,Simple Adder,"# **Verilog Design Problem: Design a 1-to-8 Demultiplexer Module**

## **1. Problem Description**

This problem requires designing a Verilog module named `TopModule` that implements a **1-to-8 Demultiplexer** functionality. A demultiplexer is an important component in digital circuits that routes a single input signal to one of multiple output lines based on select signals.

## **2. Module Interface**

| Port | Direction | Width | Description |
|---|---|---|---|
| `data_in` | input | 1 | Input data signal |
| `sel` | input | 3 | 3-bit select signal (chooses output line) |
| `out` | output | 8 | 8 output lines |

## **3. Functional Specifications**

Demultiplexer operation principle:
- When `sel = 3'b000` (decimal 0), `data_in` outputs to `out[0]`, all other outputs are `1'b0`
- When `sel = 3'b001` (decimal 1), `data_in` outputs to `out[1]`, all other outputs are `1'b0`  
- When `sel = 3'b010` (decimal 2), `data_in` outputs to `out[2]`, all other outputs are `1'b0`
- ⋮ (and so on)
- When `sel = 3'b111` (decimal 7), `data_in` outputs to `out[7]`, all other outputs are `1'b0`

## **4. Design Requirements and Hints**

- **Module Name:** Your design module must be named `TopModule`
- **Implementation Methods:** You can use any of the following approaches:
  - **Conditional Operator (`? :`)**: Suitable for combinational logic design
  - **Always Block**: Using `always @(*)` with `case` or `if-else` statements
  - **Continuous Assignment (`assign`)**: Using logical operator combinations
- **Number Representation:** Be familiar with Verilog number representations like `3'b000`, `3'd0`, `3'h0`, etc.
- **Verification:** Your design will be functionally verified by the testing platform

## **5. Code Template**

module TopModule (
input data_in,
input [2:0] sel,
output [7:0] out
);
// Method 1: Using conditional operator
// assign out = (sel == 3'b000) ? data_in : 1'b0;
// assign out = (sel == 3'b001) ? data_in : 1'b0;
// ... (continue completing the remaining outputs)
// Method 2: Using always block
// reg [7:0] out_reg;
// always @(*) begin
// case (sel)
// 3'b000: out_reg = {7'b0000000, data_in};
// 3'b001: out_reg = {6'b000000, data_in, 1'b0};
// // ... (continue completing the remaining cases)
// default: out_reg = 8'b00000000;
// endcase
// end
// assign out = out_reg;
// Implement your design using one of the methods above
endmodule

## **6. Test Case Examples**

| Test Case | data_in | sel | Expected Output out[7:0] | Description |
|---|---|---|---|---|
| 1 | `1'b1` | `3'b000` | `8'b00000001` | Output to line 0 |
| 2 | `1'b1` | `3'b011` | `8'b00001000` | Output to line 3 |
| 3 | `1'b1` | `3'b111` | `8'b10000000` | Output to line 7 |
| 4 | `1'b0` | `3'b010` | `8'b00000000` | When data_in is 0, all outputs are 0 |

## **7. Key Concepts Review**

This problem involves the following important Verilog concepts:

- **Data Types**: When and how to use `wire` and `reg`
- **Number Representation**: Binary (`3'b000`), decimal (`3'd0`), hexadecimal (`3'h0`) representations
- **Conditional Operator**: `condition ? true_value : false_value` syntax
- **Operators**: Application of comparison operators (`==`) and logical operators
- **Combinational Logic Design**: Using `assign` statements or `always @(*)` blocks

## **8. Grading Criteria**

- **Functional Correctness (80%)**: All test cases pass, correctly implements demultiplexer functionality
- **Code Quality (15%)**: Clear code structure using appropriate Verilog syntax
- **Design Efficiency (5%)**: Choose appropriate implementation method, avoid unnecessary complexity

## **9. Important Notes**

- Ensure that unselected output lines output logic low (`1'b0`)
- Note that 3-bit select signal can represent 8 different states from 0-7
- Recommend drawing a truth table on paper before programming
- Test with different combinations of `data_in` and `sel` to verify functionality

## **10. Extension Questions**

After completing the basic functionality, consider these advanced questions:
- How would you design a 1-to-16 demultiplexer?
- What is the relationship between demultiplexers and multiplexers?
- In actual digital systems, what are common application scenarios for demultiplexers?

",簡單加法器,"### **Verilog 設計問題：設計一個1對8解多工器模組**

**1. 題目說明**

本題要求設計一個名為 `TopModule` 的 Verilog 模組，該模組需要實現**1對8解多工器 (1-to-8 Demultiplexer)** 功能。解多工器是數位電路中的重要元件，能將單一輸入訊號根據選擇訊號分配到多個輸出線路中的其中一條。

**2. 模組介面 (Module Interface)**

| 埠 (Port) | 方向 (Direction) | 位元寬度 (Width) | 描述 (Description) |
|---|---|---|---|
| `data_in` | 輸入 (input) | 1 | 輸入資料訊號 |
| `sel` | 輸入 (input) | 3 | 3位元選擇訊號 (選擇輸出線路) |
| `out` | 輸出 (output) | 8 | 8條輸出線路 |

**3. 功能規格**

解多工器的工作原理：
- 當 `sel = 3'b000` (十進位0) 時，`data_in` 輸出到 `out[0]`，其餘輸出為 `1'b0`
- 當 `sel = 3'b001` (十進位1) 時，`data_in` 輸出到 `out[1]`，其餘輸出為 `1'b0`  
- 當 `sel = 3'b010` (十進位2) 時，`data_in` 輸出到 `out[2]`，其餘輸出為 `1'b0`
- ⋮ (依此類推)
- 當 `sel = 3'b111` (十進位7) 時，`data_in` 輸出到 `out[7]`，其餘輸出為 `1'b0`

**4. 設計要求與提示**

- **模組名稱:** 您的設計模組名稱必須為 `TopModule`
- **實現方式:** 可使用以下任一種方法：
  - **條件運算子 (`? :`)**: 適用於組合邏輯設計
  - **Always 區塊**: 使用 `always @(*)` 搭配 `case` 或 `if-else` 敘述
  - **連續賦值 (`assign`)**: 使用邏輯運算子組合
- **數值表示:** 熟悉 Verilog 數值表示法，如 `3'b000`, `3'd0`, `3'h0` 等
- **驗證方式:** 您的設計將會被測試平台進行功能驗證

**5. 程式設計模板 (Code Template)**
```
module TopModule (
input data_in,
input [2:0] sel,
output [7:0] out
);

// 方法一：使用條件運算子
// assign out = (sel == 3'b000) ? data_in : 1'b0;
// assign out = (sel == 3'b001) ? data_in : 1'b0;
// ... (繼續完成其餘輸出)

// 方法二：使用 always 區塊
// reg [7:0] out_reg;
// always @(*) begin
// case (sel)
// 3'b000: out_reg = {7'b0000000, data_in};
// 3'b001: out_reg = {6'b000000, data_in, 1'b0};
// // ... (繼續完成其餘情況)
// default: out_reg = 8'b00000000;
// endcase
// end
// assign out = out_reg;

// 在此處選擇一種方法實現您的設計

endmodule
```

**6. 測試案例範例**

| 測試案例 | data_in | sel | 預期輸出 out[7:0] | 說明 |
|---|---|---|---|---|
| 1 | 1'b1 | 3'b000 | 8'b00000001 | 輸出到第0條線路 |
| 2 | 1'b1 | 3'b011 | 8'b00001000 | 輸出到第3條線路 |
| 3 | 1'b1 | 3'b111 | 8'b10000000 | 輸出到第7條線路 |
| 4 | 1'b0 | 3'b010 | 8'b00000000 | data_in為0時所有輸出為0 |

**7. 關鍵概念複習**

本題涉及以下重要 Verilog 概念：

- **資料型別**: `wire` 和 `reg` 的使用時機和差異
- **數值表示法**: 二進位 (`3'b000`)、十進位 (`3'd0`)、十六進位 (`3'h0`) 表示法
- **條件運算子**: `condition ? true_value : false_value` 語法
- **運算子**: 比較運算子 (`==`) 和邏輯運算子的應用
- **組合邏輯設計**: 使用 `assign` 敘述或 `always @(*)` 區塊

**8. 評分標準**

- **功能正確性 (80%)**: 所有測試案例通過，正確實現解多工器功能
- **程式碼品質 (15%)**: 程式碼結構清晰，使用適當的 Verilog 語法
- **設計效率 (5%)**: 選用適合的實現方法，避免不必要的複雜度

**9. 注意事項**

- 請確保未選中的輸出線路輸出為邏輯低電位 (`1'b0`)
- 注意 3 位元選擇訊號可表示 0-7 共 8 種不同狀態
- 建議先在紙上畫出真值表，再進行程式設計
- 測試時可使用不同的 `data_in` 和 `sel` 組合驗證功能

**10. 延伸思考**

完成基本功能後，可思考以下進階問題：
- 如何設計 1 對 16 的解多工器？
- 解多工器與多工器 (Multiplexer) 的關係為何？
- 在實際數位系統中，解多工器常用於哪些應用場景？",注意時序;確保穩定,Verilog:3.0:524288,FALSE
