code,name,description,group,time_limit,memory_limit,points,types,authors,curators,testers,allowed_languages,is_public,partial,short_circuit,is_manually_managed,license,og_image,summary,date,banned_users,organizations,is_organization_private,enable_waveform,enable_ppa,f4pga_board,f4pga_target_fmax,openlane_pdk,openlane_ppa_score,openlane_critical_path_ns,openlane_core_area_um2,openlane_power_total,solution_content,solution_is_public,solution_publish_on,solution_authors,translations
hello_verilog,Hello Verilog,在 Verilog 中輸出 Hello World,Demo,1.0,262144,100,Traditional,,,,Verilog,true,false,false,false,,,簡單的 Verilog Hello World 程式,2025-09-01 10:00:00,,,false,true,false,,,,,,,,"這是一個最基本的 Verilog 程式設計問題。

**題目要求：**
使用 Verilog 輸出字串 ""Hello World""

**解題思路：**
1. 使用 `$display` 系統任務輸出字串
2. 使用 `$finish` 結束模擬

**Verilog 解法：**
```verilog
module hello;
    initial begin
        $display(""Hello World"");
        $finish;
    end
endmodule
```",true,2025-09-01 10:00:00,,en:Hello Verilog:Output Hello World in Verilog
verilog_gate_ppa,Verilog 邏輯門 (PPA),實現基本邏輯門並滿足 PPA 要求,Demo,3.0,524288,200,Implementation,,,,Verilog,true,false,false,false,,,帶有 PPA 分析的 Verilog 邏輯門題目,2025-09-01 14:00:00,,,false,true,true,basys3,100.0,sky130A,80.0,5.0,1000.0,50.0,"這個問題要求實現基本的邏輯門功能並滿足 PPA 要求。

**題目描述：**
給定兩個二進位輸入 A 和 B，實現以下邏輯運算：
- AND 運算：C1 = A & B
- OR 運算：C2 = A | B  
- XOR 運算：C3 = A ^ B

**輸入格式：**
兩個二進位數字 A 和 B (0 或 1)

**輸出格式：**
三行，分別輸出 AND、OR、XOR 的結果

**PPA 要求：**
- F4PGA 目標頻率：≥100 MHz (basys3 開發板)
- OpenLane PPA 分數：≥80 (sky130A PDK)
- 關鍵路徑延遲：≤5 ns
- 核心面積：≤1000 μm²
- 總功耗：≤50 mW

**Verilog 解法：**
```verilog
module logic_gates(
    input wire A,
    input wire B,
    output wire C1,
    output wire C2,
    output wire C3
);
    assign C1 = A & B;  // AND
    assign C2 = A | B;  // OR
    assign C3 = A ^ B;  // XOR
endmodule
```",true,2025-09-01 14:00:00,,en:Verilog Logic Gates (PPA):Implement basic logic gate operations with PPA analysis
